_id,cur_val
68a4d7cccdcb576ac3090cc9,19490.85
68a4d7cccdcb576ac3090cca,671381.33
68a4d7cccdcb576ac3090ccb,3879.29
68a4d7cccdcb576ac3090ccc,232191
68a4d7cccdcb576ac3090ccd,26599.9
68a4d7cccdcb576ac3090cce,120152.65
68a4d7cccdcb576ac3090cd0,50788.95
68a4d7cccdcb576ac3090ccf,46347.57
68a4d7cccdcb576ac3090cd1,12320.1
68a4d7c4cdcb576ac3090a73,214939.98
68a4d7d5cdcb576ac30910e5,121423
68a4d7cccdcb576ac3090cd2,100535.82
68a4d7cccdcb576ac3090cd3,72159.58
68a4d7cccdcb576ac3090cd4,301747.04
68a4d7cccdcb576ac3090cd5,37230.76
68a4d7cccdcb576ac3090cd6,21538.7
68a4d7c4cdcb576ac3090a74,10129.77
68a4d7cccdcb576ac3090cd7,119199.76
68a4d7cccdcb576ac3090cd8,119199.76
68a4d7cccdcb576ac3090cd9,276357.39
68a4d7cccdcb576ac3090cda,38022.3
68a4d7cccdcb576ac3090cdb,492934.04
68a4d7c4cdcb576ac3090a75,3282.94
68a4d7c4cdcb576ac3090a76,508.55
68a4d7c5cdcb576ac3090a77,92801.85
68a4d7c5cdcb576ac3090a78,357532.63
68a4d7c5cdcb576ac3090a79,148909.55
68a4d7cccdcb576ac3090cde,162279.7
68a4d7cccdcb576ac3090ce6,10124.9
68a4d7c5cdcb576ac3090a7a,140201.63
68a4d7cccdcb576ac3090ce0,270673.89
68a4d7cccdcb576ac3090cdf,352741.84
68a4d7cccdcb576ac3090ce1,132841.33
68a4d7cccdcb576ac3090ce5,6120
68a4d7cccdcb576ac3090ce2,45197.35
68a4d7c9cdcb576ac3090bc3,67745.71
68a4d7d4cdcb576ac3090ffd,108891.84
68a4d7cccdcb576ac3090ce3,53124.68
68a4d7cccdcb576ac3090ce7,27987.22
68a4d7c5cdcb576ac3090a7c,15563.69
68a4d7c5cdcb576ac3090a80,183247.36
68a4d7cccdcb576ac3090cec,5373.47
68a4d7cccdcb576ac3090cef,150825.57
68a4d7c5cdcb576ac3090a7f,108693.63
68a4d7c5cdcb576ac3090a90,89073.26
68a4d7cdcdcb576ac3090cfe,73122.76
68a4d7cccdcb576ac3090cea,644561.58
68a4d7cccdcb576ac3090cf1,6579.06
68a4d7cccdcb576ac3090cf2,1926.59
68a4d7d0cdcb576ac3090e7a,5215
68a4d7cccdcb576ac3090cf5,84597.31
68a4d7cdcdcb576ac3090cf9,225291.39
68a4d7cdcdcb576ac3090cfa,43111.98
68a4d7cccdcb576ac3090cf4,2762.33
68a4d7cccdcb576ac3090cf6,124066.43
68a4d7cccdcb576ac3090cf8,47639
68a4d7cccdcb576ac3090cf7,78461.61
68a4d7cdcdcb576ac3090d32,53958.72
68a4d7cdcdcb576ac3090d33,164459.45
68a4d7c5cdcb576ac3090a81,134153.02
68a4d7cdcdcb576ac3090cfb,177008.04
68a4d7c5cdcb576ac3090a82,335990.88
68a4d7cfcdcb576ac3090d7d,42035.62
68a4d7c6cdcb576ac3090ab6,49953.51
68a4d7cdcdcb576ac3090cfc,3853.25
68a4d7cdcdcb576ac3090cfd,91368.52
68a4d7c5cdcb576ac3090a83,11822.08
68a4d7c5cdcb576ac3090a84,168859.02
68a4d7cdcdcb576ac3090cff,5531.77
68a4d7cdcdcb576ac3090d01,14572
68a4d7d1cdcb576ac3090ead,207820.5
68a4d7cdcdcb576ac3090d0a,8079.1
68a4d7cdcdcb576ac3090d08,24212.2
68a4d7c5cdcb576ac3090a85,53597.17
68a4d7cdcdcb576ac3090d03,12245.18
68a4d7cdcdcb576ac3090d04,81496.11
68a4d7cdcdcb576ac3090d05,35415.98
68a4d7cdcdcb576ac3090d06,20608.51
68a4d7cdcdcb576ac3090d07,303237.54
68a4d7cdcdcb576ac3090d09,172768.92
68a4d7cdcdcb576ac3090d0b,71458.5
68a4d7cdcdcb576ac3090d0c,37790.44
68a4d7cdcdcb576ac3090d0d,37702.33
68a4d7cdcdcb576ac3090d0e,1091342.35
68a4d7cdcdcb576ac3090d10,79450.48
68a4d7cdcdcb576ac3090d11,111935.65
68a4d7cdcdcb576ac3090d13,170206.92
68a4d7cdcdcb576ac3090d12,159512.61
68a4d7cdcdcb576ac3090d28,873832.5
68a4d7cdcdcb576ac3090d29,873832.5
68a4d7cdcdcb576ac3090d14,96848.8
68a4d7c5cdcb576ac3090a87,106205.31
68a4d7c5cdcb576ac3090a88,268923.99
68a4d7cdcdcb576ac3090d15,65479.65
68a4d7cdcdcb576ac3090d17,157687
68a4d7cdcdcb576ac3090d16,129548.46
68a4d7cdcdcb576ac3090d19,247791.81
68a4d7cdcdcb576ac3090d18,51530.42
68a4d7cdcdcb576ac3090d1a,714817.26
68a4d7cdcdcb576ac3090d22,5264.27
68a4d7cecdcb576ac3090d50,170282.79
68a4d7cecdcb576ac3090d4f,121388.8
68a4d7cecdcb576ac3090d52,134406.16
68a4d7cdcdcb576ac3090d1f,584127.77
68a4d7cecdcb576ac3090d51,176197.26
68a4d7cdcdcb576ac3090d24,5543.17
68a4d7cdcdcb576ac3090d23,5633.5
68a4d7c5cdcb576ac3090a8b,5520.26
68a4d7c5cdcb576ac3090a8c,5559.19
68a4d7cdcdcb576ac3090d21,221732.42
68a4d7cdcdcb576ac3090d1d,120311.39
68a4d7cdcdcb576ac3090d1c,1548434.16
68a4d7cdcdcb576ac3090d1e,98713.15
68a4d7cdcdcb576ac3090d20,1683808.16
68a4d7cdcdcb576ac3090d1b,156424.5
68a4d7c5cdcb576ac3090a8a,270945.03
68a4d7c5cdcb576ac3090a89,79570.4
68a4d7cdcdcb576ac3090d25,53486.9
68a4d7c5cdcb576ac3090a8d,248669.35
68a4d7cdcdcb576ac3090d26,56018.73
68a4d7cdcdcb576ac3090d27,61114.33
68a4d7cdcdcb576ac3090d2a,751520.86
68a4d7c5cdcb576ac3090a8f,81411.47
68a4d7cdcdcb576ac3090d2c,10546.46
68a4d7cdcdcb576ac3090d2b,15898.85
68a4d7c5cdcb576ac3090a91,69518.18
68a4d7cdcdcb576ac3090d2e,1597.93
68a4d7cdcdcb576ac3090d2f,51698.37
68a4d7d2cdcb576ac3090ecf,33097.48
68a4d7cdcdcb576ac3090d30,6907.61
68a4d7cdcdcb576ac3090d31,10565.81
68a4d7c5cdcb576ac3090a92,5278.07
68a4d7cdcdcb576ac3090d34,17292.99
68a4d7cdcdcb576ac3090d35,6203.38
68a4d7cdcdcb576ac3090d37,29826.94
68a4d7cdcdcb576ac3090d39,28349.3
68a4d7cdcdcb576ac3090d36,27563.92
68a4d7cdcdcb576ac3090d38,28975.67
68a4d7cdcdcb576ac3090d3a,28851.43
68a4d7cecdcb576ac3090d3d,94297.79
68a4d7cecdcb576ac3090d3c,171945.21
68a4d7cecdcb576ac3090d3b,6539.67
68a4d7cecdcb576ac3090d42,796.3
68a4d7cecdcb576ac3090d3f,796.3
68a4d7cecdcb576ac3090d41,796.3
68a4d7cecdcb576ac3090d3e,796.3
68a4d7cecdcb576ac3090d40,796.3
68a4d7c5cdcb576ac3090a96,3574.23
68a4d7c5cdcb576ac3090a93,325194.95
68a4d7cecdcb576ac3090d43,8748.99
68a4d7cecdcb576ac3090d44,20254.72
68a4d7cecdcb576ac3090d45,24038.74
68a4d7cecdcb576ac3090d4b,7520818.05
68a4d7cecdcb576ac3090d47,7621271.04
68a4d7cecdcb576ac3090d49,7340431.83
68a4d7cecdcb576ac3090d4a,7771541.37
68a4d7cecdcb576ac3090d46,4618723.2
68a4d7cecdcb576ac3090d48,2036535.77
68a4d7cecdcb576ac3090d4c,248.53
68a4d7cecdcb576ac3090d4d,18.26
68a4d7c5cdcb576ac3090a94,7500.25
68a4d7cecdcb576ac3090d4e,61407.11
68a4d7cfcdcb576ac3090d62,99370.35
68a4d7cfcdcb576ac3090d63,42956.05
68a4d7cecdcb576ac3090d57,161004.87
68a4d7cfcdcb576ac3090d77,105048.07
68a4d7cecdcb576ac3090d58,250933.96
68a4d7cecdcb576ac3090d56,129256.2
68a4d7cecdcb576ac3090d53,74126.31
68a4d7cecdcb576ac3090d55,61735.89
68a4d7cecdcb576ac3090d54,77559.04
68a4d7cecdcb576ac3090d5b,187476.1
68a4d7cecdcb576ac3090d5c,88471.74
68a4d7cecdcb576ac3090d5d,1258.58
68a4d7cecdcb576ac3090d60,44355.3
68a4d7cecdcb576ac3090d5f,976.69
68a4d7cecdcb576ac3090d61,44901.6
68a4d7d1cdcb576ac3090eac,6957
68a4d7c6cdcb576ac3090a9e,3387.62
68a4d7c5cdcb576ac3090a95,5921.01
68a4d7cecdcb576ac3090d5e,1.27
68a4d7cfcdcb576ac3090d83,90566.59
68a4d7cfcdcb576ac3090d82,492301.96
68a4d7cfcdcb576ac3090d64,1357676.17
68a4d7cfcdcb576ac3090d65,130947.41
68a4d7cfcdcb576ac3090d66,130947.41
68a4d7cbcdcb576ac3090c61,1725014.52
68a4d7cfcdcb576ac3090d6e,5731.67
68a4d7cfcdcb576ac3090d68,5232.67
68a4d7cfcdcb576ac3090d67,5554.73
68a4d7cfcdcb576ac3090d6b,5418.45
68a4d7c5cdcb576ac3090a98,5291.45
68a4d7cfcdcb576ac3090d6a,5465.34
68a4d7cfcdcb576ac3090d69,5263.26
68a4d7cfcdcb576ac3090d6c,5060.2
68a4d7cfcdcb576ac3090d6d,5117.64
68a4d7c5cdcb576ac3090a9c,5486.47
68a4d7c6cdcb576ac3090a9d,5412
68a4d7c5cdcb576ac3090a99,5483.94
68a4d7c5cdcb576ac3090a9a,5334.96
68a4d7c5cdcb576ac3090a9b,5574.26
68a4d7cfcdcb576ac3090d72,6328.66
68a4d7cfcdcb576ac3090d73,106.3
68a4d7cfcdcb576ac3090d74,23689.26
68a4d7cfcdcb576ac3090d75,91323.97
68a4d7cfcdcb576ac3090d76,106.3
68a4d7d3cdcb576ac3090f83,1169337.69
68a4d7d3cdcb576ac3090f82,744487.33
68a4d7cfcdcb576ac3090d78,14546.68
68a4d7cfcdcb576ac3090d79,74477.92
68a4d7c6cdcb576ac3090aa2,137032.76
68a4d7cfcdcb576ac3090d80,3058.88
68a4d7cfcdcb576ac3090d81,806905.83
68a4d7c6cdcb576ac3090aa4,429311.91
68a4d7cfcdcb576ac3090d84,1040231.06
68a4d7cfcdcb576ac3090d85,9699.22
68a4d7cfcdcb576ac3090d88,393463.91
68a4d7cfcdcb576ac3090d89,62984.15
68a4d7cfcdcb576ac3090d8a,100187.72
68a4d7c6cdcb576ac3090aa6,8992.7
68a4d7cfcdcb576ac3090d8b,4776.53
68a4d7c6cdcb576ac3090aa7,8003.02
68a4d7c6cdcb576ac3090aa5,0
68a4d7c6cdcb576ac3090aa8,199717.58
68a4d7c6cdcb576ac3090aa9,25201.35
68a4d7c6cdcb576ac3090aaa,7663.57
68a4d7cfcdcb576ac3090d8c,28727.92
68a4d7c6cdcb576ac3090aab,46003.29
68a4d7cfcdcb576ac3090d8e,76451.32
68a4d7c6cdcb576ac3090aac,68758.29
68a4d7cfcdcb576ac3090d8f,109165.66
68a4d7cfcdcb576ac3090d99,270498.55
68a4d7d2cdcb576ac3090eda,843208.21
68a4d7c6cdcb576ac3090aaf,606.63
68a4d7c6cdcb576ac3090ab0,0
68a4d7c7cdcb576ac3090b31,702652.17
68a4d7d0cdcb576ac3090e6a,938852.62
68a4d7c6cdcb576ac3090aad,41436.54
68a4d7cfcdcb576ac3090d9a,56936.78
68a4d7cfcdcb576ac3090e64,29182.02
68a4d7cfcdcb576ac3090d91,62844.85
68a4d7cfcdcb576ac3090d92,50404.4
68a4d7cfcdcb576ac3090d96,146555.19
68a4d7cfcdcb576ac3090d94,159322.82
68a4d7d0cdcb576ac3090e66,159445
68a4d7cfcdcb576ac3090d98,16889.4
68a4d7cfcdcb576ac3090d93,12620
68a4d7d0cdcb576ac3090e69,194185
68a4d7cfcdcb576ac3090d97,190128.13
68a4d7d0cdcb576ac3090e65,71875.34
68a4d7cfcdcb576ac3090d95,182579.39
68a4d7d0cdcb576ac3090e67,3774.82
68a4d7c6cdcb576ac3090aae,230.33
68a4d7d0cdcb576ac3090e6b,5028.81
68a4d7c6cdcb576ac3090ab2,0
68a4d7c6cdcb576ac3090ab1,134327.48
68a4d7d0cdcb576ac3090e68,7145.84
68a4d7c6cdcb576ac3090ab4,475160.55
68a4d7c6cdcb576ac3090ab3,356984.03
68a4d7d0cdcb576ac3090e6c,171742.59
68a4d7c8cdcb576ac3090b9d,35260.21
68a4d7d0cdcb576ac3090e6d,21621.43
68a4d7c6cdcb576ac3090ab5,18199.92
68a4d7c6cdcb576ac3090ab7,17322.93
68a4d7c6cdcb576ac3090ab8,19860.27
68a4d7c6cdcb576ac3090ab9,324520.66
68a4d7d0cdcb576ac3090e6f,142980.86
68a4d7d0cdcb576ac3090e6e,288638.19
68a4d7d0cdcb576ac3090e70,242269.28
68a4d7d0cdcb576ac3090e71,280603.93
68a4d7d0cdcb576ac3090e72,10289.5
68a4d7c6cdcb576ac3090b01,0
68a4d7c6cdcb576ac3090b00,6979.75
68a4d7d0cdcb576ac3090e76,1392.98
68a4d7c6cdcb576ac3090b02,1115.44
68a4d7d0cdcb576ac3090e78,13208.46
68a4d7d0cdcb576ac3090e77,10962.92
68a4d7c6cdcb576ac3090b0a,44728.08
68a4d7d0cdcb576ac3090e7b,1326.28
68a4d7d0cdcb576ac3090e7c,31560.05
68a4d7d0cdcb576ac3090e74,73346.49
68a4d7d0cdcb576ac3090e73,303256.38
68a4d7d0cdcb576ac3090e75,127015.21
68a4d7c6cdcb576ac3090b08,55514.09
68a4d7d0cdcb576ac3090e7f,7370.29
68a4d7d0cdcb576ac3090e80,34646.39
68a4d7d0cdcb576ac3090e81,165668.23
68a4d7d0cdcb576ac3090e82,168322.46
68a4d7cfcdcb576ac3090d6f,68268.93
68a4d7d1cdcb576ac3090e9d,547674.34
68a4d7cfcdcb576ac3090d70,71486.52
68a4d7d1cdcb576ac3090e9e,536829.89
68a4d7cfcdcb576ac3090d71,73401.94
68a4d7d1cdcb576ac3090e9c,639362.7
68a4d7d0cdcb576ac3090e85,29299.39
68a4d7d0cdcb576ac3090e86,128023.19
68a4d7c6cdcb576ac3090b09,142556.66
68a4d7c6cdcb576ac3090b0d,51396.02
68a4d7c6cdcb576ac3090b0b,6394.68
68a4d7c6cdcb576ac3090b0c,5142.18
68a4d7c4cdcb576ac3090a72,57340.16
68a4d7d0cdcb576ac3090e87,112212.03
68a4d7d0cdcb576ac3090e84,69016.22
68a4d7c6cdcb576ac3090b0e,21231.85
68a4d7d0cdcb576ac3090e88,722208.2
68a4d7d0cdcb576ac3090e8b,287285.16
68a4d7d0cdcb576ac3090e8a,265176.13
68a4d7d0cdcb576ac3090e8d,12299.27
68a4d7d0cdcb576ac3090e8c,11754.05
68a4d7c6cdcb576ac3090b10,55028.89
68a4d7d0cdcb576ac3090e8e,492000.38
68a4d7c6cdcb576ac3090b11,120783.54
68a4d7d0cdcb576ac3090e8f,144181.15
68a4d7d0cdcb576ac3090e90,146790.1
68a4d7c7cdcb576ac3090b13,571038.9
68a4d7c7cdcb576ac3090b14,170389.16
68a4d7c7cdcb576ac3090b15,266480.09
68a4d7d1cdcb576ac3090e91,6694.68
68a4d7d1cdcb576ac3090e92,40348.61
68a4d7d1cdcb576ac3090e93,40348.61
68a4d7d1cdcb576ac3090e94,101829.13
68a4d7d1cdcb576ac3090e95,5175.81
68a4d7d1cdcb576ac3090ec3,103419.09
68a4d7d1cdcb576ac3090eaa,18762.75
68a4d7d1cdcb576ac3090e97,89943
68a4d7d1cdcb576ac3090ec2,199648.23
68a4d7d1cdcb576ac3090e96,184224
68a4d7c7cdcb576ac3090b17,3262.25
68a4d7d1cdcb576ac3090e98,782860.47
68a4d7d1cdcb576ac3090e9a,105643
68a4d7d1cdcb576ac3090e9b,96.22
68a4d7d1cdcb576ac3090ea3,251.72
68a4d7c7cdcb576ac3090b18,84816.29
68a4d7c7cdcb576ac3090b19,0
68a4d7d1cdcb576ac3090ea1,5.17
68a4d7d1cdcb576ac3090ea2,100.5
68a4d7d1cdcb576ac3090e9f,46.75
68a4d7d1cdcb576ac3090ea0,18.78
68a4d7cfcdcb576ac3090d7c,54418.88
68a4d7c6cdcb576ac3090aa3,128701.58
68a4d7cfcdcb576ac3090d7f,637788.94
68a4d7c9cdcb576ac3090bbc,3201.04
68a4d7c7cdcb576ac3090b30,261696.65
68a4d7cfcdcb576ac3090d7b,474298.01
68a4d7cfcdcb576ac3090d7a,64010.03
68a4d7c6cdcb576ac3090a9f,145107.85
68a4d7cccdcb576ac3090ce9,65897.64
68a4d7d1cdcb576ac3090ea4,150.86
68a4d7d1cdcb576ac3090ea6,149600.16
68a4d7c7cdcb576ac3090b1a,153493.83
68a4d7c7cdcb576ac3090b1b,1186178.07
68a4d7c7cdcb576ac3090b1c,16918.31
68a4d7d1cdcb576ac3090ea7,615231.51
68a4d7c6cdcb576ac3090aa0,13628.09
68a4d7d1cdcb576ac3090ea8,491783.54
68a4d7d1cdcb576ac3090ea9,17799.02
68a4d7c7cdcb576ac3090b1e,76459.56
68a4d7d1cdcb576ac3090eae,798464.45
68a4d7c7cdcb576ac3090b1f,88618.64
68a4d7c7cdcb576ac3090b20,426.07
68a4d7c7cdcb576ac3090b21,0
68a4d7c7cdcb576ac3090b23,44251.29
68a4d7c7cdcb576ac3090b24,80.51
68a4d7c7cdcb576ac3090b25,0
68a4d7c7cdcb576ac3090b22,72131.44
68a4d7d1cdcb576ac3090eb1,442080.27
68a4d7d1cdcb576ac3090eaf,309504.87
68a4d7d1cdcb576ac3090eb0,461854.37
68a4d7d1cdcb576ac3090eb2,5865.53
68a4d7c7cdcb576ac3090b26,7788.12
68a4d7d2cdcb576ac3090ec6,48424.4
68a4d7d1cdcb576ac3090eb3,27504.8
68a4d7d1cdcb576ac3090eb4,10406.37
68a4d7d1cdcb576ac3090eb6,17346.69
68a4d7c7cdcb576ac3090b28,95245.99
68a4d7c7cdcb576ac3090b27,528753.19
68a4d7d1cdcb576ac3090eb8,38432.31
68a4d7d1cdcb576ac3090eb9,24852.32
68a4d7d1cdcb576ac3090eba,81297.62
68a4d7d1cdcb576ac3090ebb,3706.05
68a4d7d1cdcb576ac3090ebc,268830.99
68a4d7d1cdcb576ac3090ebf,54740.82
68a4d7d1cdcb576ac3090ebd,317403.15
68a4d7d1cdcb576ac3090ebe,28026.53
68a4d7d1cdcb576ac3090ec0,46060.13
68a4d7c7cdcb576ac3090b29,10272.53
68a4d7d1cdcb576ac3090ec1,7518.4
68a4d7c7cdcb576ac3090b2a,32871.13
68a4d7c7cdcb576ac3090b2b,536395.26
68a4d7d1cdcb576ac3090ec4,9888.06
68a4d7d1cdcb576ac3090ec5,765783.25
68a4d7c7cdcb576ac3090b2c,32297.94
68a4d7d2cdcb576ac3090ed1,23433.86
68a4d7d2cdcb576ac3090ed0,10187.92
68a4d7d2cdcb576ac3090ed2,14970.71
68a4d7d2cdcb576ac3090ed5,65036.26
68a4d7d2cdcb576ac3090ed4,58248.98
68a4d7d2cdcb576ac3090ed3,76060.93
68a4d7c7cdcb576ac3090b2d,16771.91
68a4d7d2cdcb576ac3090ed6,30867.55
68a4d7d2cdcb576ac3090ed7,11574.69
68a4d7c7cdcb576ac3090b2e,12070.03
68a4d7d2cdcb576ac3090ed8,10782.81
68a4d7d2cdcb576ac3090ed9,6946.96
68a4d7c7cdcb576ac3090b2f,9384.73
68a4d7cecdcb576ac3090d59,224061.02
68a4d7c7cdcb576ac3090b32,7022.84
68a4d7c7cdcb576ac3090b33,4656.44
68a4d7c7cdcb576ac3090b34,22338.93
68a4d7c7cdcb576ac3090b35,5658.24
68a4d7c7cdcb576ac3090b36,88742.43
68a4d7d2cdcb576ac3090edb,202456.89
68a4d7c7cdcb576ac3090b38,1346945.21
68a4d7d2cdcb576ac3090ecd,210417.26
68a4d7d2cdcb576ac3090ece,210417.26
68a4d7d2cdcb576ac3090ec9,31290
68a4d7d0cdcb576ac3090e7d,231432.61
68a4d7d2cdcb576ac3090eca,41720
68a4d7d0cdcb576ac3090e7e,173574.34
68a4d7d2cdcb576ac3090ecb,31290
68a4d7d2cdcb576ac3090ec7,240731.43
68a4d7d2cdcb576ac3090ec8,214296.78
68a4d7d2cdcb576ac3090ecc,290546.4
68a4d7c7cdcb576ac3090b39,8166.1
68a4d7c9cdcb576ac3090bbd,8507.27
68a4d7c7cdcb576ac3090b3a,21959.55
68a4d7d2cdcb576ac3090edd,103570.93
68a4d7d2cdcb576ac3090edf,318358.05
68a4d7c8cdcb576ac3090b3b,1116483.94
68a4d7d2cdcb576ac3090ee0,331391.88
68a4d7d2cdcb576ac3090ede,957548.98
68a4d7d2cdcb576ac3090ee1,6723.96
68a4d7c8cdcb576ac3090b3c,359048.59
68a4d7c8cdcb576ac3090b3d,61155.3
68a4d7c8cdcb576ac3090b3e,18410.89
68a4d7c8cdcb576ac3090b3f,6897.45
68a4d7d5cdcb576ac309104e,26253.36
68a4d7d2cdcb576ac3090ee2,113887.49
68a4d7c8cdcb576ac3090b41,1100781.38
68a4d7c8cdcb576ac3090b42,975044.44
68a4d7d2cdcb576ac3090ee3,68.49
68a4d7cbcdcb576ac3090cba,62.82
68a4d7c8cdcb576ac3090b43,7094.42
68a4d7c8cdcb576ac3090b44,10415.21
68a4d7c8cdcb576ac3090b45,562998.88
68a4d7cacdcb576ac3090c41,47.64
68a4d7c8cdcb576ac3090b46,9447.55
68a4d7d2cdcb576ac3090ee4,7341.3
68a4d7c8cdcb576ac3090b47,15296.63
68a4d7c8cdcb576ac3090b48,210735.53
68a4d7d2cdcb576ac3090ee5,1027951.76
68a4d7c8cdcb576ac3090b49,4841.03
68a4d7c8cdcb576ac3090b4a,19895.96
68a4d7c8cdcb576ac3090b4b,19376.68
68a4d7c8cdcb576ac3090b4c,5587.9
68a4d7d2cdcb576ac3090ee6,333570.41
68a4d7d7cdcb576ac3091143,97092.5
68a4d7d6cdcb576ac3091123,48424.4
68a4d7c8cdcb576ac3090b4d,72611.93
68a4d7c8cdcb576ac3090b4e,75708.49
68a4d7d5cdcb576ac30910e6,84666.87
68a4d7d6cdcb576ac309110d,135646.6
68a4d7c8cdcb576ac3090b9e,201096
68a4d7c8cdcb576ac3090b9f,62040
68a4d7c8cdcb576ac3090ba0,62040
68a4d7d2cdcb576ac3090f62,130713.8
68a4d7d2cdcb576ac3090f63,47140.99
68a4d7c8cdcb576ac3090ba1,61736
68a4d7d2cdcb576ac3090f65,49348.34
68a4d7d2cdcb576ac3090f64,106113.73
68a4d7d2cdcb576ac3090f66,70857.46
68a4d7d2cdcb576ac3090f67,102949.83
68a4d7c8cdcb576ac3090ba2,31020
68a4d7c8cdcb576ac3090ba3,1165675.62
68a4d7d2cdcb576ac3090f68,608579.4
68a4d7c8cdcb576ac3090ba4,839660.12
68a4d7c8cdcb576ac3090ba5,279180
68a4d7c8cdcb576ac3090ba6,91.07
68a4d7c8cdcb576ac3090ba7,29845.42
68a4d7d2cdcb576ac3090f69,84430.23
68a4d7c8cdcb576ac3090ba8,327598.65
68a4d7c8cdcb576ac3090ba9,174390.12
68a4d7c8cdcb576ac3090baa,90547.92
68a4d7c8cdcb576ac3090bab,6893.33
68a4d7c8cdcb576ac3090bac,279180
68a4d7d2cdcb576ac3090f6a,48465.38
68a4d7d2cdcb576ac3090f6b,4452.93
68a4d7c8cdcb576ac3090bad,5038.31
68a4d7d5cdcb576ac3091051,7044.18
68a4d7d2cdcb576ac3090f6c,5364.47
68a4d7d2cdcb576ac3090f6e,28424.32
68a4d7d2cdcb576ac3090f6d,38939.62
68a4d7d2cdcb576ac3090f6f,5697.39
68a4d7c8cdcb576ac3090bae,2664.22
68a4d7c8cdcb576ac3090baf,565518.79
68a4d7d2cdcb576ac3090f70,164619.61
68a4d7d2cdcb576ac3090f71,2302.36
68a4d7d2cdcb576ac3090f72,4968.27
68a4d7d2cdcb576ac3090f73,7046.78
68a4d7d2cdcb576ac3090f74,183564.3
68a4d7c8cdcb576ac3090bb0,364669.43
68a4d7c9cdcb576ac3090bb1,295252.53
68a4d7d2cdcb576ac3090f76,105315.9
68a4d7d2cdcb576ac3090f75,197837.58
68a4d7c9cdcb576ac3090bb2,15000.49
68a4d7d2cdcb576ac3090f77,3306.04
68a4d7c9cdcb576ac3090bb3,4083.05
68a4d7c9cdcb576ac3090bb4,1113.94
68a4d7d2cdcb576ac3090f78,11632.49
68a4d7d2cdcb576ac3090f7f,184976.77
68a4d7d2cdcb576ac3090f80,29144.09
68a4d7c9cdcb576ac3090bb5,121913.53
68a4d7c9cdcb576ac3090bb6,218793.34
68a4d7d3cdcb576ac3090f81,17287.3
68a4d7c9cdcb576ac3090bb7,821214.34
68a4d7c9cdcb576ac3090bb8,767118.17
68a4d7d6cdcb576ac3091125,37074.96
68a4d7d3cdcb576ac3090f85,265815.85
68a4d7c9cdcb576ac3090bb9,30334.01
68a4d7d3cdcb576ac3090f86,233492.58
68a4d7c9cdcb576ac3090bbb,348993.82
68a4d7c9cdcb576ac3090bba,233428.1
68a4d7d3cdcb576ac3090f84,12828.61
68a4d7d3cdcb576ac3090f87,37702.33
68a4d7d3cdcb576ac3090f88,37702.33
68a4d7d3cdcb576ac3090f89,37702.33
68a4d7d3cdcb576ac3090f8a,53951.4
68a4d7d3cdcb576ac3090f8c,62647.16
68a4d7d3cdcb576ac3090f8b,59811.53
68a4d7d3cdcb576ac3090f8e,5451.41
68a4d7c9cdcb576ac3090bbe,135491.43
68a4d7d3cdcb576ac3090f91,24148.68
68a4d7d3cdcb576ac3090f90,73441.92
68a4d7d3cdcb576ac3090f92,164718.86
68a4d7cdcdcb576ac3090d00,45973.53
68a4d7d3cdcb576ac3090f93,38399.31
68a4d7d3cdcb576ac3090f94,10498.94
68a4d7d3cdcb576ac3090f95,9675.44
68a4d7d4cdcb576ac309103e,105030.03
68a4d7d4cdcb576ac309103d,152888.62
68a4d7d3cdcb576ac3090f96,14961.82
68a4d7d1cdcb576ac3090ea5,492030
68a4d7d3cdcb576ac3090ffc,108993.26
68a4d7d3cdcb576ac3090f97,93469.45
68a4d7d3cdcb576ac3090f99,39915.5
68a4d7d3cdcb576ac3090f9a,6064.94
68a4d7d3cdcb576ac3090f9c,650683.59
68a4d7d3cdcb576ac3090f9b,666606.96
68a4d7d3cdcb576ac3090f9d,2426.32
68a4d7d3cdcb576ac3090f9e,16798.77
68a4d7d4cdcb576ac3091017,207181.21
68a4d7cccdcb576ac3090cf0,185326.83
68a4d7d3cdcb576ac3090f9f,248083.74
68a4d7d3cdcb576ac3090fa0,248083.74
68a4d7cdcdcb576ac3090d0f,138564.04
68a4d7c5cdcb576ac3090a7b,44713.2
68a4d7d3cdcb576ac3090fa1,201562.24
68a4d7c9cdcb576ac3090bc0,10663.82
68a4d7c9cdcb576ac3090bc1,43602.77
68a4d7d3cdcb576ac3090fa2,347400.1
68a4d7d4cdcb576ac309102a,267390.56
68a4d7d3cdcb576ac3090fa3,125889.33
68a4d7d3cdcb576ac3090fa4,4210.76
68a4d7d3cdcb576ac3090fa5,87270.96
68a4d7c6cdcb576ac3090b07,94143.2
68a4d7d3cdcb576ac3090fa6,130947.27
68a4d7d3cdcb576ac3090fa8,23464.37
68a4d7d3cdcb576ac3090fa7,15113.83
68a4d7d3cdcb576ac3090fa9,30598.35
68a4d7d3cdcb576ac3090faa,139935.56
68a4d7d3cdcb576ac3090fab,6.03
68a4d7d3cdcb576ac3090fac,12459.83
68a4d7d3cdcb576ac3090ff6,60552.54
68a4d7c9cdcb576ac3090bc2,6388.15
68a4d7d3cdcb576ac3090ff7,15053.61
68a4d7d3cdcb576ac3090ffa,190459.58
68a4d7d3cdcb576ac3090ff9,44854.32
68a4d7c6cdcb576ac3090b04,52.71
68a4d7c6cdcb576ac3090b05,0
68a4d7c6cdcb576ac3090b03,47219.71
68a4d7d3cdcb576ac3090ffb,164382.11
68a4d7d3cdcb576ac3090ff8,65797.01
68a4d7d4cdcb576ac3090ffe,6557.8
68a4d7d4cdcb576ac3090fff,61678.82
68a4d7d4cdcb576ac3091000,3395.59
68a4d7d4cdcb576ac3091002,91994.91
68a4d7d4cdcb576ac3091003,7951.97
68a4d7d4cdcb576ac3091004,72095.02
68a4d7d4cdcb576ac3091006,4584.91
68a4d7d4cdcb576ac3091005,14195.29
68a4d7d1cdcb576ac3090eb5,11108.86
68a4d7d1cdcb576ac3090eb7,10187.4
68a4d7cacdcb576ac3090c40,49137.11
68a4d7d4cdcb576ac3091007,7631.24
68a4d7d4cdcb576ac3091008,58763.8
68a4d7d4cdcb576ac3091009,4350.93
68a4d7d4cdcb576ac309100a,4985.53
68a4d7c8cdcb576ac3090b4f,13240.03
68a4d7c9cdcb576ac3090bbf,165013.99
68a4d7d4cdcb576ac309100b,3462.93
68a4d7d5cdcb576ac3091069,3759.31
68a4d7d4cdcb576ac309100d,1835.33
68a4d7d1cdcb576ac3090e99,2390.65
68a4d7d4cdcb576ac309100c,1839.9
68a4d7d4cdcb576ac309100e,5491.75
68a4d7d4cdcb576ac309100f,16.07
68a4d7d4cdcb576ac3091010,66199.81
68a4d7d4cdcb576ac3091011,3766.79
68a4d7d4cdcb576ac3091013,114355.09
68a4d7c9cdcb576ac3090bc4,86053.56
68a4d7d4cdcb576ac3091014,148584.44
68a4d7d4cdcb576ac3091012,71335.65
68a4d7d4cdcb576ac3091015,66989.84
68a4d7d4cdcb576ac3091016,59675.63
68a4d7d4cdcb576ac3091018,5103.09
68a4d7d4cdcb576ac3091019,328745.93
68a4d7d4cdcb576ac309101a,249906.56
68a4d7c9cdcb576ac3090bc6,262484.2
68a4d7d4cdcb576ac309101b,209044.16
68a4d7d0cdcb576ac3090e79,334125.97
68a4d7d4cdcb576ac309101c,5115.65
68a4d7c9cdcb576ac3090bc7,647810.12
68a4d7d4cdcb576ac309101d,393148.1
68a4d7d4cdcb576ac309101e,401267.49
68a4d7d4cdcb576ac309101f,12548.49
68a4d7c9cdcb576ac3090bc8,9807.69
68a4d7d4cdcb576ac3091020,6105.22
68a4d7cccdcb576ac3090cf3,29109.72
68a4d7d4cdcb576ac3091021,265721.74
68a4d7d1cdcb576ac3090eab,90730.39
68a4d7c9cdcb576ac3090bc9,5960.29
68a4d7c9cdcb576ac3090bca,424244.32
68a4d7c9cdcb576ac3090bcb,3915.12
68a4d7d4cdcb576ac3091023,21891.36
68a4d7c9cdcb576ac3090bcd,24226.09
68a4d7cccdcb576ac3090ceb,27952
68a4d7c6cdcb576ac3090b06,25846.87
68a4d7d4cdcb576ac3091024,68959.22
68a4d7c5cdcb576ac3090a86,38201.04
68a4d7c7cdcb576ac3090b37,82071.08
68a4d7d2cdcb576ac3090edc,277664.48
68a4d7cccdcb576ac3090ce4,76167.31
68a4d7c9cdcb576ac3090bcf,36822.11
68a4d7c9cdcb576ac3090bd0,18622.89
68a4d7c9cdcb576ac3090bd1,5276.55
68a4d7d5cdcb576ac30910f5,2059.37
68a4d7c9cdcb576ac3090bd2,2985.86
68a4d7d5cdcb576ac30910f4,1810.22
68a4d7c9cdcb576ac3090bd3,78221.47
68a4d7c9cdcb576ac3090bd4,12567.06
68a4d7c9cdcb576ac3090bd6,103501.91
68a4d7c9cdcb576ac3090bd7,111527.93
68a4d7d4cdcb576ac3091026,3278.03
68a4d7d4cdcb576ac3091025,11270.11
68a4d7cdcdcb576ac3090d2d,72811.05
68a4d7c6cdcb576ac3090aa1,12721.31
68a4d7c7cdcb576ac3090b16,62945.68
68a4d7c9cdcb576ac3090c13,92777.4
68a4d7d4cdcb576ac3091027,35113.5
68a4d7d4cdcb576ac3091028,70930.59
68a4d7d4cdcb576ac3091029,389425.08
68a4d7d5cdcb576ac3091054,89402.09
68a4d7c9cdcb576ac3090c14,13788.64
68a4d7d4cdcb576ac309102b,13725.16
68a4d7d4cdcb576ac309102c,167342.84
68a4d7d4cdcb576ac309102d,10604.52
68a4d7d4cdcb576ac309102e,13564.94
68a4d7c9cdcb576ac3090c15,23669.12
68a4d7d4cdcb576ac309102f,122618.51
68a4d7d5cdcb576ac30910ec,204344.57
68a4d7d0cdcb576ac3090e83,41816
68a4d7cfcdcb576ac3090d7e,18050.43
68a4d7c9cdcb576ac3090c16,12885.68
68a4d7c9cdcb576ac3090bd5,4232.59
68a4d7c9cdcb576ac3090c17,405546.02
68a4d7d4cdcb576ac3091030,74709.25
68a4d7cacdcb576ac3090c18,230907.87
68a4d7c9cdcb576ac3090bce,11637.73
68a4d7cacdcb576ac3090c19,68541.17
68a4d7cacdcb576ac3090c1a,22563.91
68a4d7d4cdcb576ac3091031,14.84
68a4d7d4cdcb576ac3091032,26090.17
68a4d7d4cdcb576ac3091033,74338.45
68a4d7d4cdcb576ac3091034,74338.45
68a4d7d4cdcb576ac3091035,37702.33
68a4d7cccdcb576ac3090cdd,58370.11
68a4d7d4cdcb576ac3091036,46519.85
68a4d7d4cdcb576ac3091037,46694
68a4d7d4cdcb576ac3091038,72341.15
68a4d7d4cdcb576ac3091039,6460.22
68a4d7d4cdcb576ac309103a,1764.04
68a4d7d5cdcb576ac3091042,211694
68a4d7cacdcb576ac3090c1b,125976.53
68a4d7d4cdcb576ac309103b,25735.83
68a4d7cacdcb576ac3090c1c,40758.72
68a4d7d4cdcb576ac3091040,124602.86
68a4d7d4cdcb576ac309103c,16621.2
68a4d7d4cdcb576ac309103f,30213.33
68a4d7d4cdcb576ac3091041,138996.95
68a4d7d5cdcb576ac3091043,7379.96
68a4d7d5cdcb576ac3091044,11104.2
68a4d7d5cdcb576ac3091045,4.57
68a4d7cacdcb576ac3090c1d,26998.37
68a4d7d5cdcb576ac3091046,5281.15
68a4d7cfcdcb576ac3090d8d,4757.2
68a4d7d5cdcb576ac3091047,26786.32
68a4d7cacdcb576ac3090c1e,147287.77
68a4d7d5cdcb576ac3091048,104725.8
68a4d7d5cdcb576ac3091049,71473.9
68a4d7d5cdcb576ac309104a,6968.78
68a4d7d5cdcb576ac309104b,3205.32
68a4d7d5cdcb576ac309104c,63749.07
68a4d7d5cdcb576ac309104d,2836.39
68a4d7cacdcb576ac3090c1f,8233.1
68a4d7d5cdcb576ac3091050,44384.62
68a4d7d5cdcb576ac3091052,65052.31
68a4d7d5cdcb576ac3091053,90201.11
68a4d7d5cdcb576ac3091055,26936.31
68a4d7d5cdcb576ac3091056,36760.12
68a4d7cacdcb576ac3090c20,50738.41
68a4d7d5cdcb576ac3091057,36607.85
68a4d7d5cdcb576ac3091058,43116.14
68a4d7cacdcb576ac3090c21,63423.01
68a4d7cccdcb576ac3090ce8,67107.12
68a4d7d5cdcb576ac309105b,350165.21
68a4d7d5cdcb576ac309105c,350165.21
68a4d7d5cdcb576ac3091059,350165.21
68a4d7d5cdcb576ac309105a,350165.21
68a4d7d5cdcb576ac309105d,251941.88
68a4d7d5cdcb576ac309105e,67779.03
68a4d7d5cdcb576ac309105f,99230.91
68a4d7d5cdcb576ac3091061,196469.9
68a4d7d5cdcb576ac3091062,27500.23
68a4d7d5cdcb576ac3091060,14692.11
68a4d7d5cdcb576ac3091064,25141.32
68a4d7d5cdcb576ac3091065,216199.8
68a4d7d5cdcb576ac3091063,262540.8
68a4d7cacdcb576ac3090c22,384294.76
68a4d7d5cdcb576ac3091066,636763.45
68a4d7d5cdcb576ac3091067,563787.6
68a4d7d5cdcb576ac3091068,240736.13
68a4d7cacdcb576ac3090c23,95.55
68a4d7c6cdcb576ac3090b0f,6800.89
68a4d7c8cdcb576ac3090b40,6031.1
68a4d7d0cdcb576ac3090e89,13481.29
68a4d7cacdcb576ac3090c24,757671.79
68a4d7cacdcb576ac3090c25,67745.71
68a4d7cacdcb576ac3090c27,27325.07
68a4d7cacdcb576ac3090c26,27325.07
68a4d7cacdcb576ac3090c29,67745.71
68a4d7cacdcb576ac3090c2a,33872.89
68a4d7cacdcb576ac3090c2b,67745.71
68a4d7cacdcb576ac3090c2c,67745.71
68a4d7d4cdcb576ac3091001,7437.14
68a4d7cacdcb576ac3090c2d,86728.21
68a4d7d3cdcb576ac3090f98,93789.87
68a4d7cacdcb576ac3090c2e,57908.7
68a4d7d5cdcb576ac309106a,66188.06
68a4d7d5cdcb576ac309106b,115021.61
68a4d7cacdcb576ac3090c2f,39639.94
68a4d7cacdcb576ac3090c45,90342.85
68a4d7cacdcb576ac3090c30,36822.11
68a4d7cacdcb576ac3090c31,147287.77
68a4d7cacdcb576ac3090c32,18410.89
68a4d7d5cdcb576ac309106c,26069.74
68a4d7d5cdcb576ac309106d,79121.48
68a4d7cacdcb576ac3090c33,72612.43
68a4d7d5cdcb576ac30910e2,19133.01
68a4d7cacdcb576ac3090c34,73643.89
68a4d7cacdcb576ac3090c43,27325.07
68a4d7cacdcb576ac3090c36,92054.77
68a4d7cacdcb576ac3090c35,55233
68a4d7cacdcb576ac3090c37,36822.11
68a4d7cacdcb576ac3090c38,36822.11
68a4d7cacdcb576ac3090c39,321608.55
68a4d7cacdcb576ac3090c3a,18410.89
68a4d7cacdcb576ac3090c3b,36822.11
68a4d7cacdcb576ac3090c3c,36822.11
68a4d7cacdcb576ac3090c3d,36822.11
68a4d7cacdcb576ac3090c3e,36822.11
68a4d7cacdcb576ac3090c3f,36822.11
68a4d7d5cdcb576ac309104f,12191
68a4d7d4cdcb576ac3091022,421881.11
68a4d7d2cdcb576ac3090f7e,67843.44
68a4d7d2cdcb576ac3090f7c,5182.68
68a4d7d2cdcb576ac3090f7d,5223.21
68a4d7d2cdcb576ac3090f7b,98567.22
68a4d7d2cdcb576ac3090f7a,72665.7
68a4d7d2cdcb576ac3090f79,41666.03
68a4d7d5cdcb576ac30910e3,8168.61
68a4d7cdcdcb576ac3090d02,217984.7
68a4d7d3cdcb576ac3090f8d,805.84
68a4d7d5cdcb576ac30910e4,5068.85
68a4d7cacdcb576ac3090c42,9154.4
68a4d7cacdcb576ac3090c44,6831.25
68a4d7cacdcb576ac3090c28,67745.71
68a4d7cbcdcb576ac3090c46,27325.07
68a4d7cbcdcb576ac3090c47,36822.11
68a4d7cbcdcb576ac3090c48,36822.11
68a4d7cbcdcb576ac3090c49,36822.11
68a4d7d5cdcb576ac30910e7,119579.92
68a4d7cbcdcb576ac3090c4a,18410.89
68a4d7cbcdcb576ac3090c4b,16872.41
68a4d7cbcdcb576ac3090c4c,36822.11
68a4d7d5cdcb576ac30910e8,92374.29
68a4d7d5cdcb576ac30910e9,92152.39
68a4d7cbcdcb576ac3090c4d,18410.89
68a4d7cbcdcb576ac3090c4e,18410.89
68a4d7cbcdcb576ac3090c4f,18410.89
68a4d7cbcdcb576ac3090c50,36822.11
68a4d7cbcdcb576ac3090c51,180427.71
68a4d7cbcdcb576ac3090c52,18410.89
68a4d7cbcdcb576ac3090c53,36822.11
68a4d7d5cdcb576ac30910ea,978558.51
68a4d7d5cdcb576ac30910eb,74702.07
68a4d7cbcdcb576ac3090c54,52061.85
68a4d7d5cdcb576ac30910ed,9941.39
68a4d7d5cdcb576ac30910ee,13214.89
68a4d7cbcdcb576ac3090c55,7437.97
68a4d7d5cdcb576ac30910ef,56964.64
68a4d7cbcdcb576ac3090c56,148.76
68a4d7d5cdcb576ac30910f1,170.16
68a4d7d5cdcb576ac30910f2,557.22
68a4d7d5cdcb576ac30910f3,1232.73
68a4d7d5cdcb576ac30910f0,129324.65
68a4d7cbcdcb576ac3090c57,5368.68
68a4d7d5cdcb576ac30910f7,23047.93
68a4d7cbcdcb576ac3090cb4,41044
68a4d7d6cdcb576ac309110c,594205.08
68a4d7d6cdcb576ac3091126,39569.37
68a4d7c7cdcb576ac3090b12,703721.38
68a4d7d5cdcb576ac30910f6,12531.34
68a4d7d6cdcb576ac309110b,130439.24
68a4d7d6cdcb576ac30910f8,597072.05
68a4d7d6cdcb576ac30910f9,6510.41
68a4d7d6cdcb576ac30910fa,23388.41
68a4d7d6cdcb576ac30910fb,72598.33
68a4d7cbcdcb576ac3090c59,19284.55
68a4d7cbcdcb576ac3090c58,19447.87
68a4d7cbcdcb576ac3090c5a,36810.25
68a4d7d6cdcb576ac30910fd,56143.07
68a4d7d6cdcb576ac30910fc,121572.3
68a4d7cbcdcb576ac3090c5b,136059.98
68a4d7d6cdcb576ac30910fe,68771.33
68a4d7d6cdcb576ac30910ff,69520.07
68a4d7cfcdcb576ac3090d86,53963.47
68a4d7d6cdcb576ac3091100,177199.38
68a4d7d6cdcb576ac3091103,600475.34
68a4d7d6cdcb576ac3091104,63934.54
68a4d7cbcdcb576ac3090c5c,5971.56
68a4d7d6cdcb576ac3091105,8174.43
68a4d7d6cdcb576ac3091102,89313.87
68a4d7d6cdcb576ac3091101,78310.1
68a4d7d6cdcb576ac3091106,142226.46
68a4d7d6cdcb576ac3091108,13574.89
68a4d7d6cdcb576ac3091107,20977.94
68a4d7d6cdcb576ac3091109,1335.27
68a4d7d6cdcb576ac309110a,1335.27
68a4d7cbcdcb576ac3090c5d,4727.96
68a4d7cbcdcb576ac3090c5e,3930.43
68a4d7cbcdcb576ac3090c60,78756.46
68a4d7d6cdcb576ac309110e,14959.09
68a4d7cbcdcb576ac3090c5f,301553.92
68a4d7c5cdcb576ac3090a97,301730.29
68a4d7d6cdcb576ac309110f,3582.78
68a4d7d6cdcb576ac3091110,10390.19
68a4d7d6cdcb576ac3091111,32795.1
68a4d7d6cdcb576ac3091112,10217.6
68a4d7c5cdcb576ac3090a8e,101928.12
68a4d7cecdcb576ac3090d5a,42308.76
68a4d7d6cdcb576ac3091113,14779.97
68a4d7d6cdcb576ac3091114,8096.08
68a4d7d6cdcb576ac3091115,3230.26
68a4d7d6cdcb576ac3091116,7624.2
68a4d7d6cdcb576ac3091117,43841.83
68a4d7d3cdcb576ac3090f8f,9870.66
68a4d7cfcdcb576ac3090d87,86233.43
68a4d7cbcdcb576ac3090c62,784682.27
68a4d7d6cdcb576ac3091118,53134.91
68a4d7d6cdcb576ac309111a,446891.37
68a4d7d6cdcb576ac3091119,2273255.05
68a4d7d6cdcb576ac3091120,308417.86
68a4d7d6cdcb576ac309111e,1395441.75
68a4d7d6cdcb576ac309111b,729143.04
68a4d7d6cdcb576ac309111c,1838502.96
68a4d7d6cdcb576ac309111f,661249.64
68a4d7d6cdcb576ac309111d,137656.5
68a4d7d6cdcb576ac3091122,101402.37
68a4d7d7cdcb576ac3091141,50550.14
68a4d7d6cdcb576ac3091121,147910.92
68a4d7c9cdcb576ac3090bc5,15213.69
68a4d7d6cdcb576ac3091124,61364.09
68a4d7cbcdcb576ac3090cb3,29065.49
68a4d7c7cdcb576ac3090b1d,84657.53
68a4d7cfcdcb576ac3090d90,36602.9
68a4d7cbcdcb576ac3090cb5,133207.87
68a4d7d6cdcb576ac3091134,420804.91
68a4d7d6cdcb576ac309112a,648842.32
68a4d7cbcdcb576ac3090cb6,6269.05
68a4d7d6cdcb576ac3091127,3582.78
68a4d7d6cdcb576ac3091128,55279.23
68a4d7d6cdcb576ac3091129,183064.02
68a4d7d6cdcb576ac309112c,93920.7
68a4d7d6cdcb576ac309112b,172659.79
68a4d7d6cdcb576ac3091135,80663.14
68a4d7d6cdcb576ac309112f,204385.06
68a4d7d6cdcb576ac3091130,20897.63
68a4d7d6cdcb576ac309112e,157754.96
68a4d7d6cdcb576ac3091131,69919.83
68a4d7d6cdcb576ac309112d,160405.11
68a4d7cbcdcb576ac3090cb7,160509.43
68a4d7cbcdcb576ac3090cb8,4576.93
68a4d7d6cdcb576ac3091133,85455.96
68a4d7d6cdcb576ac3091132,61097.87
68a4d7cbcdcb576ac3090cb9,28727.91
68a4d7cbcdcb576ac3090cbb,31750.27
68a4d7cbcdcb576ac3090cbc,82782.52
68a4d7d6cdcb576ac3091137,96457.33
68a4d7d6cdcb576ac3091136,79124.63
68a4d7cbcdcb576ac3090cbd,41390.38
68a4d7d7cdcb576ac3091138,79124.63
68a4d7d7cdcb576ac3091139,74751.8
68a4d7d7cdcb576ac309113a,12700.96
68a4d7d7cdcb576ac309113b,13584.45
68a4d7d7cdcb576ac309113c,91212.45
68a4d7d7cdcb576ac309113d,96457.33
68a4d7d7cdcb576ac309113e,370572.58
68a4d7d7cdcb576ac309113f,9194.78
68a4d7d7cdcb576ac3091140,14690.95
68a4d7c9cdcb576ac3090bcc,6272.99
68a4d7d7cdcb576ac3091142,5402.13
68a4d7d7cdcb576ac3091146,47965.75
68a4d7d7cdcb576ac3091144,146909.5
68a4d7d7cdcb576ac3091145,62638.09
68a4d7d7cdcb576ac3091147,46811.8
68a4d7cccdcb576ac3090cdc,25177.84
68a4d7d7cdcb576ac3091149,55515.19
68a4d7d7cdcb576ac3091148,25806.79
68a4d7d7cdcb576ac309114c,96548.2
68a4d7d7cdcb576ac309114b,51701.84
68a4d7d7cdcb576ac309114d,96548.2
68a4d7d7cdcb576ac309114a,51701.84
68a4d7cccdcb576ac3090ced,48209.99
68a4d7c5cdcb576ac3090a7d,38688.51
68a4d7c5cdcb576ac3090a7e,28269.23
68a4d7cccdcb576ac3090cee,25616.44
68a4d7d7cdcb576ac309114e,12835.27
